{"cameraMode":{"drawMode":0,"name":"Shaded","section":"Shading Mode"},"sceneLighting":true,"audioPlay":false,"sceneViewState":{"m_AlwaysRefresh":false,"showFog":true,"showSkybox":true,"showFlares":true,"showImageEffects":true,"showParticleSystems":true,"showVisualEffectGraphs":true,"m_FxEnabled":true},"in2DMode":false,"pivot":{"x":-0.07050836086273194,"y":-0.24093270301818849,"z":3.2319095134735109},"rotation":{"x":-0.14505383372306825,"y":0.056954849511384967,"z":-0.0083618750795722,"w":-0.9877573847770691},"size":2.761223554611206,"orthographic":false}