{"cameraMode":{"drawMode":0,"name":"Shaded","section":"Shading Mode"},"sceneLighting":true,"audioPlay":false,"sceneViewState":{"m_AlwaysRefresh":false,"showFog":true,"showSkybox":true,"showFlares":true,"showImageEffects":true,"showParticleSystems":true,"showVisualEffectGraphs":true,"m_FxEnabled":true},"in2DMode":false,"pivot":{"x":-1.315535306930542,"y":-0.4724390506744385,"z":-2.984015464782715},"rotation":{"x":0.04512321576476097,"y":-0.9549395442008972,"z":0.20534159243106843,"w":0.20981799066066743},"size":3.1864750385284426,"orthographic":false}