{"cameraMode":{"drawMode":0,"name":"Shaded","section":"Shading Mode"},"sceneLighting":true,"audioPlay":false,"sceneViewState":{"m_AlwaysRefresh":false,"showFog":true,"showSkybox":true,"showFlares":true,"showImageEffects":true,"showParticleSystems":true,"showVisualEffectGraphs":true,"m_FxEnabled":true},"in2DMode":false,"pivot":{"x":0.0068398118019104,"y":0.23385334014892579,"z":-1.4348716735839844},"rotation":{"x":0.0037883564364165069,"y":0.9838342070579529,"z":-0.17781825363636018,"w":0.02095981501042843},"size":2.1794686317443849,"orthographic":false}