{"cameraMode":{"drawMode":0,"name":"Shaded","section":"Shading Mode"},"sceneLighting":true,"audioPlay":false,"sceneViewState":{"m_AlwaysRefresh":false,"showFog":true,"showSkybox":true,"showFlares":true,"showImageEffects":true,"showParticleSystems":true,"showVisualEffectGraphs":true,"m_FxEnabled":true},"in2DMode":false,"pivot":{"x":-0.053763821721076968,"y":0.6856828927993774,"z":-1.8466203212738038},"rotation":{"x":0.0016566152917221189,"y":0.992681086063385,"z":-0.12000872939825058,"w":0.013700805604457856},"size":2.452094078063965,"orthographic":false}