{"cameraMode":{"drawMode":0,"name":"Shaded","section":"Shading Mode"},"sceneLighting":false,"audioPlay":false,"sceneViewState":{"m_AlwaysRefresh":false,"showFog":false,"showSkybox":false,"showFlares":false,"showImageEffects":false,"showParticleSystems":false,"showVisualEffectGraphs":true,"m_FxEnabled":true},"in2DMode":false,"pivot":{"x":0.04739297181367874,"y":0.5978826284408569,"z":-1.968580722808838},"rotation":{"x":-0.001281958888284862,"y":0.9960856437683106,"z":-0.08718948811292649,"w":-0.014642667025327683},"size":1.9495294094085694,"orthographic":false}