{"cameraMode":{"drawMode":0,"name":"Shaded","section":"Shading Mode"},"sceneLighting":false,"audioPlay":false,"sceneViewState":{"m_AlwaysRefresh":false,"showFog":false,"showSkybox":false,"showFlares":false,"showImageEffects":false,"showParticleSystems":false,"showVisualEffectGraphs":true,"m_FxEnabled":true},"in2DMode":false,"pivot":{"x":0.48479801416397097,"y":-0.06325709819793701,"z":-2.265611410140991},"rotation":{"x":-0.009855590760707856,"y":-0.9741076231002808,"z":0.22172945737838746,"w":-0.04327131062746048},"size":2.0597586631774904,"orthographic":false}