{"cameraMode":{"drawMode":0,"name":"Shaded","section":"Shading Mode"},"sceneLighting":false,"audioPlay":false,"sceneViewState":{"m_AlwaysRefresh":false,"showFog":false,"showSkybox":false,"showFlares":false,"showImageEffects":false,"showParticleSystems":false,"showVisualEffectGraphs":true,"m_FxEnabled":true},"in2DMode":false,"pivot":{"x":-0.34318703413009646,"y":0.5764307975769043,"z":0.17830798029899598},"rotation":{"x":-0.43843430280685427,"y":-0.4405268430709839,"z":0.2616119384765625,"w":-0.7384656071662903},"size":0.7587299942970276,"orthographic":false}